row_number,section,name,unit,price,price_code
2,Бетон,Бетон B22.5 зона 1,м3,7200,
3,Бетон,Доставка бетона B22.5 зона 1,м3,1000,
4,Бетон,Насос 36м + гаситель зона 1,смена,44500,
5,Бетон,Бетон B22.5 зона 2,м3,6500,
6,Бетон,Доставка бетона B22.5 зона 2,м3,1100,
7,Бетон,Насос 36м + гаситель зона 2,смена,38000,
8,Бетон,Бетон B22.5 зона 3,м3,6500,
9,Бетон,Доставка бетона B22.5 зона 3,м3,750,
10,Бетон,Насос 36м + гаситель зона 3,смена,40000,
11,Бетон,Бетон B22.5 зона 4,м3,6600,
12,Бетон,Доставка бетона B22.5 зона 4,м3,1100,
13,Бетон,Насос 36м + гаситель зона 4,смена,45000,
14,Бетон,Бетон B22.5 зона 5,м3,6150,
15,Бетон,Доставка бетона B22.5 зона 5,м3,900,
16,Бетон,Насос 36м + гаситель зона 5,смена,39500,
17,Бетон,Бетон B22.5 зона 6,м3,6550,
18,Бетон,Доставка бетона B22.5 зона 6,м3,950,
19,Бетон,Насос 36м + гаситель зона 6,смена,40500,
20,Бетон,Бетон B22.5 зона 7,м3,6550,
21,Бетон,Доставка бетона B22.5 зона 7,м3,950,
22,Бетон,Насос 36м + гаситель зона 7,смена,40500,
23,Бетон,Бетон B22.5 зона 8,м3,7690,
24,Бетон,Доставка бетона B22.5 зона 8,м3,1400,
25,Бетон,Насос 36м + гаситель зона 8,смена,48000,
26,Песок,Песок 20м3 зона 1,м3,1400,
27,Песок,Песок 20м3 зона 2,м3,1300,
28,Песок,Песок 20м3 зона 3,м3,1300,
29,Песок,Песок 20м3 зона 4,м3,1300,
30,Песок,Песок 20м3 зона 5,м3,1300,
31,Песок,Песок 20м3 зона 6,м3,1300,
32,Песок,Песок 20м3 зона 7,м3,1300,
33,Песок,Песок 20м3 зона 8,м3,1300,
34,Песок,Песок 20м3 зона ГФК/ЛПК и т.д./А108,м3,1300,
35,Пиломатериал,Доска обрезная 25х100х6000мм 1-сорт ГОСТ,шт,265,
36,Пиломатериал,Доска обрезная 25х150х6000мм 1-сорт ГОСТ,шт,397,
37,Пиломатериал,Доска обрезная 50х100х6000мм 1-сорт ГОСТ,шт,530,
38,Пиломатериал,Доска обрезная 50х150х6000мм 1-сорт ГОСТ,шт,795,
39,Пиломатериал,Доска обрезная 50х200х6000мм 1-сорт ГОСТ,шт,1093,
40,Пиломатериал,Брус обрезной 100х100х6000мм 1-сорт ГОСТ,шт,1093,
41,Пиломатериал,Брус обрезной 100х150х6000мм 1-сорт ГОСТ,шт,1590,
42,Пиломатериал,Брус обрезной 150х150х6000мм 1-сорт ГОСТ,шт,2500,
43,Пиломатериал,Доска сухая строганная 50х300х6000мм,шт,3800,
44,Пиломатериал,Доска сухая строганная 20х90х6000мм,шт,360,
45,Пиломатериал,Доска сухая строганная 20х140х6000мм,шт,540,
46,Пиломатериал,Доска сухая строганная 45х90х6000мм,шт,682,
47,Пиломатериал,Доска сухая строганная 45х140х6000мм,шт,1022,
48,Пиломатериал,Доска сухая строганная 45х190х6000мм,шт,1406,
49,Пиломатериал,Брус сухой строганный 90х90х6000мм,шт,1406,
50,Пиломатериал,Брус сухой строганный 90х140х6000мм,шт,2045,
51,Пиломатериал,Брус сухой строганный 140х140х6000мм,шт,3214,
52,Пиломатериал,Брус сухой строганный 140х190х6000мм,шт,4500,
53,Пиломатериал,Брус сухой строганный 50х50х3000мм,шт,200,
54,Пиломатериал,Брус сухой строганный 45х45х3000мм,шт,175,
55,Пиломатериал,Брус сухой строганный 40х50х3000мм,шт,175,
56,Пиломатериал,"Фанера 1,52х1,52*18",шт,1400,
57,Пиломатериал,Доска обрезная с антисептированием 25х100х6000мм 1-сорт ГОСТ,шт,310,
58,Пиломатериал,Доска обрезная с антисептированием 25х150х6000мм 1-сорт ГОСТ,шт,465,
59,Пиломатериал,Доска обрезная с антисептированием 50х100х6000мм 1-сорт ГОСТ,шт,621,
60,Пиломатериал,Доска обрезная с антисептированием  50х150х6000мм 1-сорт ГОСТ,шт,931,
61,Пиломатериал,Доска обрезная с антисептированием 50х200х6000мм 1-сорт ГОСТ,шт,1281,
62,Пиломатериал,Брус обрезной с антисептированием 100х100х6000мм 1-сорт ГОСТ,шт,1281,
63,Пиломатериал,Брус обрезной с антисептированием 100х150х6000мм 1-сорт ГОСТ,шт,1863,
64,Пиломатериал,Брус обрезной с антисептированием 150х150х6000мм 1-сорт ГОСТ,шт,2928,
65,Пиломатериал,Доска сухая строганная с антисептированием 50х300х6000мм,шт,4200,
66,Пиломатериал,Доска сухая строганная с антисептированием 20х90х6000мм,шт,420,
67,Пиломатериал,Доска сухая строганная с антисептированием 20х140х6000мм,шт,620,
68,Пиломатериал,Доска сухая строганная с антисептированием 45х90х6000мм,шт,772,
69,Пиломатериал,Доска сухая строганная с антисептированием 45х140х6000мм,шт,1159,
70,Пиломатериал,Доска сухая строганная с антисептированием 45х190х6000мм,шт,1593,
71,Пиломатериал,Брус сухой строганный с антисептированием 90х90х6000мм,шт,1593,
72,Пиломатериал,Брус сухой строганный с антисептированием 90х140х6000мм,шт,2318,
73,Пиломатериал,Брус сухой строганный с антисептированием 140х140х6000мм,шт,3642,
74,Пиломатериал,Брус сухой строганный с антисептированием 140х190х6000мм,шт,5100,
75,Пиломатериал,Брус сухой строганный с антисептированием 50х50х3000мм,шт,270,
76,Пиломатериал,Брус сухой строганный с антисептированием 45х45х3000мм,шт,220,
77,Пиломатериал,Брус сухой строганный с антисептированием 40х50х3000мм,шт,220,
78,Газобетон,Клей,мешок 25 кг,360,
79,Газобетон,Блок D 400,м3,5900,
80,Газобетон,Блок D 500,м3,5200,
81,Газобетон,Блок D 400,м3,6300,
82,Газобетон,Блок D 500,м3,5800,
83,Поротерм,Клей,мешок 25 кг,659.77,
84,Поротерм,Сетка 5/0.4/100,рулон,1304.63,
85,Поротерм,Сетка 5/0.5/100,рулон,1729.38,
86,Поротерм,PTH 8,шт,100.62,
87,Поротерм,PTH 12,шт,150.62,
88,Поротерм,PTH 20,шт,171.17,
89,Поротерм,PTH 25М,шт,180.89,
90,Поротерм,PTH 38,шт,155.66,
91,Поротерм,PTH 38 Termo,шт,201.14,
92,Поротерм,PTH 44,шт,176.58,
93,Поротерм,PTH 51,шт,225.53,
94,Schiedel,"Вентиляционный канал одноходовой VENT 20/25, 0.33 пм",шт,268.4,
95,Schiedel,"Вентиляционный канал двухходовой VENT 25/36, 0.33 пм",шт,512.4,
96,Schiedel,"Вентиляционный канал трехходовой VENT 25/52, 0.33 пм",шт,732,
97,Schiedel,"Вентиляционный канал четырехходовой VENT 36/50, 0.33 пм",шт,902.8,
98,Schiedel,"Вентиляционный канал одноходовой VENT 16/25-1X, 0.33 пм",шт,264,
99,Schiedel,"Вентиляционный канал двухходовой VENT 16/50-2X, 0.33 пм",шт,672,
100,Арматура,Арматура класса А500 диаметром 25 мм,1п.м,155.8,
101,Арматура,Арматура класса А500 диаметром 20мм,1п.м,100.25,
102,Арматура,Арматура класса А500 диаметром 16 мм,1п.м,64.9,
103,Арматура,Арматура класса А500 диаметром 12мм,1п.м,36.85,
104,Арматура,Арматура класса А500 диаметром 10 мм,1п.м,27.16,
105,Арматура,Арматура класса А240 диаметром 8 мм,1п.м,18.5,
106,Арматура,Арматура класса А240 диаметром 6 мм,1п.м,10.25,
107,Арматура,Проволока,кг,75,
108,Фундамент,Planter Standard Технониколь 40м2-1рул,рул,4738,
109,Фундамент,PLANTERBAND 10м х 10см-1шт,шт,750,
112,Фундамент,Пеноплэкс ГЕО 50 мм-1м3,м3,8800,
113,Фундамент,Пеноплэкс ГЕО 100 мм-1м3,м3,8900,
114,Фундамент,Клей-пена для ЭППС-1шт,шт,450,
115,Фундамент,Геотекстиль Дорнит 300 г.м2 (100м2) -1шт,рул,4562,
116,Плоская кровля,"Пеноплэкс ОСНОВА Т-15, 1185х585х100, (0,2772)",м3,6610,
117,Плоская кровля,Клей пена однокомп. в аэрозольной упак.PENOPLEX FASTFIX,шт,450,
119,Плоская кровля,Плиты пенополистирольные экструдированные XPS ТЕХНОНИКОЛЬ CARBON PROF 1180х580х100-L,м3,7377.89,
120,Плоская кровля,Плиты пенополистирольные экструдированные XPS ТЕХНОНИКОЛЬ CARBON PROF 1180х580х50-L,м3,7155.34,
121,Плоская кровля,"ТЕХНОНИКОЛЬ XPS CARBON PROF SLOPE- 2,1%  Элемент А, 1200х600х10/35 (0,2916)",м3,9888.67,
122,Плоская кровля,"ТЕХНОНИКОЛЬ XPS CARBON PROF SLOPE- 2,1%  Элемент В, 1200х600х35/60 (0,2736)",м3,9888.67,
123,Плоская кровля,"Плиты пенополистирольные экструдированные XPS ТЕХНОНИКОЛЬ CARBON PROF SLOPE- 4,2% Элемент J 1200х600х10/35",м3,9888.67,
124,Плоская кровля,"Плиты пенополистирольные экструдированные XPS ТЕХНОНИКОЛЬ CARBON PROF SLOPE- 4,2% Элемент К 1200х600х35/60",м3,9888.67,
125,Плоская кровля,Стеклохолст ТехноНИКОЛЬ 100 гр/м2 (400м/рул),м2,59.55,
126,Плоская кровля,"Геотекстиль ТЕХНОНИКОЛЬ ПРОФ Кровля 150, 2х50м",м2,57.56,
127,Плоская кровля,"Рейка прижимная, 2 м",пог. м,90,
128,Плоская кровля,"Рейка краевая, 2 м",пог. м,95,
129,Плоская кровля,"ПВХ Logicroof V-RP 1,5мм cерая, 2,10х20 м (42м 2/рул)",м2,1146.91,
130,Плоская кровля,"Аэратор кровельный PVC, А75х375",шт,587,
131,Плоская кровля,"Воронка парапетная с листвоуловителем и отводом VC-PVC, для ПВХ мембран, 100х100х650",шт,6001.23,
132,Плоская кровля,Цементно-стружечная плита (ЦСП I) толщина 12 мм 3200х1200 - 1шт,шт,2060,
